no,case_number,city,district,neighborhood,address_number,apartment_block,floor,room,apartment_name,full_address
84,2022-112435(1),서울특별시,서초구,잠원동,32-22,,6,,보미리전빌,"서울특별시 서초구 잠원동 32-22 6층601호 (잠원동,보미리전빌)"
91,2023-101999(1),서울특별시,강남구,역삼동,,,17,,디오빌역삼,"서울특별시 강남구 언주로 427, 17층1708호 (역삼동,디오빌역삼)"
93,2022-2083(1),서울특별시,은평구,역촌동,36-37,,8,801,,서울특별시 은평구 역촌동 36-37 801호
97,2022-962(1),서울특별시,송파구,마천동,22-3,,9,,한주리버뷰아파트,"서울특별시 송파구 마천동 22-3 9층901호 (마천동,한주리버뷰아파트)"
101,2022-109735(1),서울특별시,도봉구,쌍문동,639-1,,3,,아파트,"서울특별시 도봉구 쌍문동 639-1 3층302호 (쌍문동,아파트)"
102,2022-1677(1),서울특별시,은평구,대조동,89-258,,3,,디안아파트,"서울특별시 은평구 대조동 89-258 3층305호 (대조동,디안아파트)"
103,2022-2434(1),서울특별시,서대문구,홍은동,188-72,,8,,,서울특별시 서대문구 홍은동 188-72 8층802호
104,2022-54879(1),서울특별시,서대문구,홍제동,469,,11,,인왕산 한신휴플러스,"서울특별시 서대문구 홍제동 469 11층1105호 (홍제동,인왕산 한신휴플러스)"
105,2022-55629(1),서울특별시,용산구,104동,4,104동,4,,한강로우림필유아파트,"서울특별시 용산구 한강로3가 91 104동 4층404호 (한강로3가,한강로우림필유아파트)"
106,2022-56103(1),서울특별시,서대문구,홍제동,132-5,,6,604,에이원아파트,서울특별시 서대문구 홍제동 132-5외 1필지 에이원아파트 제6층 제604호
112,2022-2537(1),서울특별시,노원구,상계동,1068,,3,,상계5지역중앙하이츠아파트,"서울특별시 노원구 상계동 1068 3층305호 (상계동,상계5지역중앙하이츠아파트)"
125,2022-110446(1),서울특별시,서초구,반포동,1092,9동,2,201,,서울특별시 서초구 반포동 1092외 3필지 에이아이디차관주택 제9동 제2층 제201호
134,2022-111210(1),서울특별시,서초구,반포동,107-52,,3,,브리앙뜨,"서울특별시 서초구 반포동 107-52 3층302호 (반포동,브리앙뜨)"
135,2023-101579(1),서울특별시,서초구,반포동,107-52,,3,,브리앙뜨,"서울특별시 서초구 반포동 107-52 3층302호 (반포동,브리앙뜨)"
136,2023-102732(1),서울특별시,서초구,반포동,107-52,,3,,브리앙뜨,"서울특별시 서초구 반포동 107-52 3층302호 (반포동,브리앙뜨)"
138,2022-54893(1),서울특별시,용산구,나동,,,,,풍전아파트,서울특별시 용산구 원효로4가 110-1 나동호 풍전아파트
144,2022-474(1),서울특별시,송파구,송파동,58-4,,5,,레이크 해모로,"서울특별시 송파구 송파동 58-4 5층502호 (송파동,레이크 해모로)"
146,2022-3876(1),서울특별시,중구,신당동,841-13,,4,,청구아파트,"서울특별시 중구 신당동 841-13 4층402호 (신당동,청구아파트)"
149,2022-110972(1),서울특별시,강남구,역삼동,826-37,,6,,쌍용플래티넘밸류,"서울특별시 강남구 역삼동 826-37 6층102-601호 (역삼동,쌍용플래티넘밸류)"
150,2022-1739(1),서울특별시,금천구,독산동,1088,1404동,6,611,,서울특별시 금천구 독산동 1088 제1404동 제6층 제611호
154,2022-52789(1),서울특별시,송파구,문정동,62-5,,5,,문정연합주택조합아파트,"서울특별시 송파구 문정동 62-5 5층507호 (문정동,문정연합주택조합아파트)"
157,2022-110286(1),서울특별시,서초구,잠원동,65-8,,1,,잠원한신그린 아파트,"서울특별시 서초구 잠원동 65-8 1층101호 (잠원동,잠원한신그린 아파트)"
158,2022-110873(1),서울특별시,서초구,방배동,478-8,,2,,루이스캐슬,"서울특별시 서초구 방배동 478-8 2층201호 (방배동,루이스캐슬)"
175,2022-112905(1),서울특별시,강서구,화곡동,1037-27,,1,102,제이월드아파트,"서울특별시 강서구 화곡동 1037-27 제1층 제102호 (화곡동, 제이월드아파트)"
176,2023-100095(1),서울특별시,강서구,화곡동,1037-27,,1,102,제이월드아파트,"서울특별시 강서구 화곡동 1037-27 제1층 제102호 (화곡동, 제이월드아파트)"
182,2021-2343(2),서울특별시,성동구,마장동,768-1,,6,,안민빌딩,"서울특별시 성동구 마장동 768-1 6층601호 (마장동,안민빌딩)"
184,2022-2170(1),서울특별시,강남구,대치동,889-74,,11,,아름빌,"서울특별시 강남구 대치동 889-74 11층1102호 (대치동,아름빌)"
188,2022-1399(1),서울특별시,서초구,방배동,806-5,,5,502,,"서울특별시 서초구 방배동 806-5외 2필지 윈저빌 제5,6층 제502호"
189,2022-107347(1),서울특별시,강서구,화곡동,1168,,2,203,스위트드림아파트,"서울특별시 강서구 화곡동 1168 제2층 제203호 (화곡동, 스위트드림아파트)"
195,2022-50219(1),서울특별시,성동구,홍익동,366,,4,,주암해븐아파트,"서울특별시 성동구 홍익동 366 4층403호 (홍익동,주암해븐아파트)"
196,2022-50394(1),서울특별시,송파구,신천동,7-17,,17,,삼성웰리스아파트,"서울특별시 송파구 신천동 7-17 웰리스타워, 삼성웰리스아파트 17층1704호"
205,2021-115976(1),서울특별시,영등포구,영등포동,1,,9,903,메트로가든,"서울특별시 영등포구 영등포동1가 75-4 제9층 제903호 (영등포동1가, 메트로가든)"
208,2022-107668(1),서울특별시,구로구,구로동,717-23,,4,401,,서울특별시 구로구 구로동 717-23 제401호
222,2022-2007(1),서울특별시,서대문구,창천동,470,,5,,하이팰리스,"서울특별시 서대문구 창천동 470 5층503호 (창천동,하이팰리스)"
223,2022-2168(1),서울특별시,은평구,역촌동,62-16,,3,,,서울특별시 은평구 역촌동 62-16 3층 에이동308호
226,2022-112011(1),서울특별시,양천구,신월동,1038,,2,202,아름다운세상,"서울특별시 양천구 신월동 1038 제2층 제202호 (신월동, 아름다운세상)"
230,2022-55551(1),서울특별시,은평구,응암동,113-27,,7,,상아아파트,"서울특별시 은평구 응암동 113-27 7층702호 (응암동,상아아파트)"
233,2022-109323(1),서울특별시,서초구,서초동,1667-3,,2,,서초동예성그린아파트,"서울특별시 서초구 서초동 1667-3 2층203호 (서초동,서초동예성그린아파트)"
234,2022-105666(1),서울특별시,동작구,상도동,212-99,,5,,장승아파트,"서울특별시 동작구 상도동 212-99 5층504호 (상도동,장승아파트)"
239,2022-108016(1),서울특별시,관악구,봉천동,1644-31,,2,,휴먼아파트,서울특별시 관악구 봉천동 1644-31 휴먼아파트 B동 2층201호
241,2022-111124(1),서울특별시,영등포구,대림동,1101-1,,5,505,유탑유블레스,"서울특별시 영등포구 대림동 1101-1 제5층 제505호 (대림동, 유탑유블레스)"
243,2021-2176(1),서울특별시,광진구,화양동,21-2,,1,,브라운스톤화양,"서울특별시 광진구 화양동 21-2 1층107호 (화양동,브라운스톤화양)"
250,2022-105451(1),서울특별시,강남구,삼성동,5-3,,2,,골든카운티,"서울특별시 강남구 삼성동 5-3 2층201호 (삼성동,골든카운티)"
253,2022-1664(1),서울특별시,중랑구,상봉동,501,,39,,상봉 듀오트리스,"서울특별시 중랑구 상봉동 501 39층에이-이스트3903호 (상봉동,상봉 듀오트리스)"
260,2022-101908(1),서울특별시,강북구,수유동,739,,2,,북한산스카이뷰아파트,"서울특별시 강북구 수유동 739 2층203호 (수유동,북한산스카이뷰아파트)"
262,2022-105741(1),서울특별시,서초구,방배동,807-5,,7,,,서울특별시 서초구 방배동 807-5 노블하임 7층702호
266,2022-107846(1),서울특별시,강남구,청담동,116-10,,3,,상지리츠빌9차,"서울특별시 강남구 청담동 116-10 3층302호 (청담동,상지리츠빌9차)"
271,2021-103744(1),서울특별시,영등포구,여의도동,50,7동,,25,,서울특별시 영등포구 여의도동 50 제7동 제25호
274,2022-107709(1),서울특별시,관악구,신림동,1474-6,,3,,삼성 아파트,"서울특별시 관악구 신림동 1474-6 3층301호 (신림동,삼성 아파트)"
275,2020-54509(1),서울특별시,은평구,대조동,14-320,,2,202,유성아이비아파트,"서울특별시 은평구 대조동 14-320 제2층 제202호 (대조동,유성아이비아파트)"
278,2022-1603(1),서울특별시,관악구,봉천동,100-20,,7,,더갤러리테라스,"서울특별시 관악구 봉천동 100-20 7층704호 (봉천동,더갤러리테라스)"
280,2022-102789(1),서울특별시,동대문구,장안동,363-11,,2,,정암아파트,"서울특별시 동대문구 장안동 363-11 2층201호 (장안동,정암아파트)"
282,2022-1431(1),서울특별시,마포구,용강동,500,101동,11,1101,마포대림1차아파트,"서울특별시 마포구 용강동 500 101동 1101호 (용강동,마포대림1차아파트)"
283,2022-53845(1),서울특별시,은평구,녹번동,182,,6,,거장카운티,"서울특별시 은평구 녹번동 182 6층601호 (녹번동,거장카운티)"
285,2022-388(1),서울특별시,동대문구,장안동,580,,12,,위더스빌,"서울특별시 동대문구 장안동 580 씨동 12층1206호 (장안동,위더스빌)"
287,2020-1883(2),서울특별시,서초구,양재동,286-6,,4,401,양재테크노아파트,"서울특별시 서초구 양재동 286-6 양재테크노아파트 제4,5층 제401호"
294,2022-101909(1),서울특별시,서초구,양재동,19,,3,,해청아파트,"서울특별시 서초구 양재동 19 3층303호 (양재동,해청아파트)"
297,2022-55711(1),서울특별시,용산구,용산동,5,,17,,아스테리움용산,"서울특별시 용산구 한강로2가 419 17층에이-1701호 (용산동5가,아스테리움용산)"
301,2022-102106(1),서울특별시,금천구,제102동,35,102동,35,3502,금천롯데캐슬골드파크1차,"서울특별시 금천구 벚꽃로 40, 제102동 제35층 제3502호 (독산동, 금천롯데캐슬골드파크1차)"
305,2022-1234(1),서울특별시,양천구,신월동,413-3,,2,,,서울특별시 양천구 신월동 413-3 제2층 제2호
306,2022-101202(1),서울특별시,강서구,등촌동,510-7,,5,504,해태골든팰리스,"서울특별시 강서구 등촌동 510-7 제5층 제504호 (등촌동, 해태골든팰리스)"
308,2022-107907(1),서울특별시,강남구,도곡동,957-11,,12,,극동스타클래스,"서울특별시 강남구 도곡동 957-11 12층1203호 (도곡동,극동스타클래스)"
311,2022-1081(1),서울특별시,구로구,개봉동,70-12,,15,1506,동도센트리움아파트,"서울특별시 구로구 개봉동 70-12 제15층 제1506호 (개봉동, 동도센트리움아파트)"
313,2021-50627(3),서울특별시,마포구,성산동,114-3,,9,901,성일아파트,"서울특별시 마포구 성산동 114-3 901호 (성산동,성일아파트)"
318,2020-52228(1),서울특별시,송파구,가락동,79,,16,,송파롯데캐슬파인힐,"서울특별시 송파구 가락동 79 16층1601호 (가락동,송파롯데캐슬파인힐)"
319,2021-1074(1),서울특별시,광진구,중곡동,107-4,,6,602,삼보드림아파트,서울특별시 광진구 중곡동 107-4 삼보드림아파트 제6층 제602호
323,2022-103431(1),서울특별시,강남구,삼성동,98-11,,7,,삼부아그레빌,"서울특별시 강남구 삼성동 98-11 7층701호 (삼성동,삼부아그레빌)"
324,2020-2244(1),서울특별시,서초구,방배동,957-7,,8,,대성아파트,"서울특별시 서초구 방배동 957-7 8층805호 (방배동,대성아파트)"
325,2021-102363(1),서울특별시,서초구,반포동,742-10,,6,,반포쎄레노아파트,"서울특별시 서초구 반포동 742-10 6층602호 (반포동,반포쎄레노아파트)"
326,2022-1672(1),서울특별시,강남구,도곡동,467,,16,,타워팰리스,"서울특별시 강남구 도곡동 467 비동 16층1603호 (도곡동,타워팰리스)"
329,2021-109517(1),서울특별시,강남구,도곡동,467,,54,,타워팰리스,"서울특별시 강남구 도곡동 467 씨동 54층5406호 (도곡동,타워팰리스)"
331,2022-101602(1),서울특별시,관악구,신림동,86-3,,14,,청암두산위브센티움,"서울특별시 관악구 신림동 86-3 14층1407호 (신림동,청암두산위브센티움)"
333,2022-1448(1),서울특별시,은평구,대조동,6-19,,2,,,서울특별시 은평구 대조동 6-19 2층203호
337,2019-108685(1),서울특별시,영등포구,신길동,340-1,,2,,,서울특별시 영등포구 신길동 340-1 다동 2층7호
338,2021-5635(1),서울특별시,구로구,개봉동,361-1,,4,402,개봉프라자,"서울특별시 구로구 개봉동 361-1 제4층 제402호 (개봉동, 개봉프라자)"
339,2021-1472(1),서울특별시,은평구,구산동,27-15,,8,,,서울특별시 은평구 구산동 27-15 8층801호
340,2021-3164(1),서울특별시,마포구,망원동,433-9,,4,,망원동미원2차아파트,"서울특별시 마포구 망원동 433-9 4층403호 (망원동,망원동미원2차아파트)"
341,2022-54459(1),서울특별시,서대문구,연희동,51-74,,4,,로엠아트빌,"서울특별시 서대문구 연희동 51-74 4층501호 (연희동,로엠아트빌)"
347,2021-3342(1),서울특별시,노원구,중계동,599,101동,3,303,극동의푸른별2차아파트,"서울특별시 노원구 중계동 599 101동 303호 (중계동,극동의푸른별2차아파트)"
348,2020-102748(1),서울특별시,관악구,신림동,746-43,,9,905,건영아파트,"서울특별시 관악구 신림동 746-43 가동 9층 905호 (신림동,건영아파트)"
350,2022-101060(1),서울특별시,동작구,대방동,43-9,,7,,비전아파트,서울특별시 동작구 대방동 43-9 비전아파트 7층701호
355,2021-106402(1),서울특별시,강남구,삼성동,87,,22,2202,아이파크삼성동,"서울특별시 강남구 삼성동 87 사우스윙동 22층 2202호 (삼성동, 아이파크삼성동)"
356,2021-110582(1),서울특별시,영등포구,문래동,3,,1,103,문래동동원데쟈뷰,"서울특별시 영등포구 문래동3가 95 제1층 제103호 (문래동3가, 문래동동원데쟈뷰)"
359,2021-50847(1),서울특별시,송파구,가락동,147-2,,11,,가락동주상복합,"서울특별시 송파구 가락동 147-2 11층1101호 (가락동,가락동주상복합)"
360,2022-51375(1),서울특별시,용산구,,1,,,,원효로1가 로얄카운티-3,"서울특별시 용산구 원효로1가 17-66 지하1층비101호 (원효로1가,원효로1가 로얄카운티-3)"
361,2021-1953(1),서울특별시,마포구,공덕동,11-174,,1,101,,서울특별시 마포구 공덕동 11-174 1층 101호
365,2022-682(1),서울특별시,영등포구,여의도동,37,,11,1105,미성아파트,"서울특별시 영등포구 여의도동 37 제에이동 제11층 제1105호 (여의도동, 미성아파트)"
366,2022-103840(1),서울특별시,구로구,구로동,807-23,,1,102,,서울특별시 구로구 구로동 807-23 제1층 제102호
370,2021-2821(1),서울특별시,강남구,도곡동,462-2,,17,,로덴하우스웨스트빌리지,"서울특별시 강남구 도곡동 462-2 17층1701호 (도곡동,로덴하우스웨스트빌리지)"
371,2021-102448(1),서울특별시,중구,신당동,333-42,,1,,진달래아파트,서울특별시 중구 신당동 333-42 진달래아파트 1층103호
380,2021-109387(1),서울특별시,도봉구,쌍문동,159,,4,401,대우파크빌,"서울특별시 도봉구 쌍문동 159 제4층 제401호 (쌍문동,대우파크빌)"
381,2021-4575(1),서울특별시,관악구,봉천동,100-20,,7,,더갤러리테라스,"서울특별시 관악구 봉천동 100-20 7층701호 (봉천동,더갤러리테라스)"
385,2022-1042(1),서울특별시,은평구,역촌동,63-16,,5,,뉴캐슬아파트,"서울특별시 은평구 역촌동 63-16 5층503호 (역촌동,뉴캐슬아파트)"
388,2022-1364(1),서울특별시,금천구,독산동,917-3,,6,601,해찬아파트,"서울특별시 금천구 독산동 917-3외 3필지 해찬아파트 제6,7층 제601호"
394,2021-1906(1),서울특별시,강동구,천호동,450,,13,,강동상떼빌,"서울특별시 강동구 천호동 450 13층1301호 (천호동,강동상떼빌)"
395,2021-53969(1),서울특별시,광진구,화양동,110-37,,8,,화양타워,"서울특별시 광진구 화양동 110-37 8층902호 (화양동,화양타워)"
399,2021-110295(1),서울특별시,성북구,장위동,50-50,,15,,장위동 동원베네스트,"서울특별시 성북구 장위동 50-50 15층1502호 (장위동,장위동 동원베네스트)"
403,2022-51801(1),서울특별시,서대문구,홍은동,277-108,,6,,올림푸스,"서울특별시 서대문구 홍은동 277-108 6층601호 (홍은동,올림푸스)"
408,2021-114300(1),서울특별시,영등포구,당산동,3,103동,8,804,,서울특별시 영등포구 당산동3가 559 당산동쌍용예가클래식 제103동 제8층 제804호
409,2022-675(1),서울특별시,금천구,시흥동,959-11,,1,101,,서울특별시 금천구 시흥동 959-11 백운스위트빌3차 제1층 제101호
410,2022-102991(1),서울특별시,영등포구,영등포동,1,,5,505,,서울특별시 영등포구 영등포동1가 75-4 메트로가든 제5층 제505호
411,2021-109623(1),서울특별시,서초구,서초동,1506-47,,1,101,,서울특별시 서초구 서초동 1506-47외 1필지 신구블레스벨리 제1층 제101호
412,2022-102469(1),서울특별시,관악구,봉천동,1629-2,,6,605,동아타운아파트,서울특별시 관악구 봉천동 1629-2 동아타운아파트 제605호
413,2021-559(1),서울특별시,서초구,양재동,6-14,102동,2,201,,서울특별시 서초구 양재동 6-14 드림팰리스 제102동 제2층 제201호
415,2022-37(1),서울특별시,서초구,202동,16,202동,16,,방배2차현대홈타운,"서울특별시 서초구 서초대로1길 34, 202동 16층1601호 (방배동,방배2차현대홈타운)"
416,2021-50627(4),서울특별시,마포구,성산동,114-3,,9,902,성일아파트,서울특별시 마포구 성산동 114-3 성일아파트 제902호
417,2021-50627(6),서울특별시,마포구,성산동,114-3,,10,1002,성일아파트,서울특별시 마포구 성산동 114-3 성일아파트 제1002호
418,2022-101769(1),서울특별시,강서구,화곡동,915-26,,10,1001,한신베네스트아파트,서울특별시 강서구 화곡동 915-26외 2필지 한신베네스트아파트 제10층 제1001호
419,2022-100982(1),서울특별시,관악구,봉천동,856-1,,5,506,,서울특별시 관악구 봉천동 856-1외 2필지 디오슈페리움2단지 제5층 제506호
420,2021-52180(2),서울특별시,용산구,동자동,45,,32,3201,,서울특별시 용산구 동자동 45외 1필지 센트레빌아스테리움서울 제비동 제32층 제3201호
424,2021-55019(1),서울특별시,강동구,천호동,44,,12,1213,금호아파트,서울특별시 강동구 천호동 44 금호아파트 제12층 제1213호
428,2020-2216(1),서울특별시,강동구,암사동,516-2,,7,702,,서울특별시 강동구 암사동 516-2외 3필지 한강리치팰리스 제7층 제702호
429,2021-4384(1),서울특별시,서초구,반포동,88-4,,1,101,,서울특별시 서초구 반포동 88-4 서래아르드빌 제1층 제101호
431,2020-110380(1),서울특별시,성북구,101동,8,101동,8,,삼선현대힐스테이트,"서울특별시 성북구 낙산길 243-15, 101동 8층804호 (삼선동2가,삼선현대힐스테이트)"
434,2021-6935(1),서울특별시,강서구,화곡동,1159,135동,7,701,,서울특별시 강서구 화곡동 1159 우장산아이파크이편한세상 제135동 제7층 제701호
435,2021-51734(1),서울특별시,강동구,암사동,413,114동,9,902,,서울특별시 강동구 암사동 413 프라이어팰리스 제114동 제9층 제902호
440,2021-50627(2),서울특별시,마포구,성산동,114-3,,8,802,성일아파트,서울특별시 마포구 성산동 114-3 성일아파트 제802호
441,2021-50627(5),서울특별시,마포구,성산동,114-3,,10,1001,성일아파트,서울특별시 마포구 성산동 114-3 성일아파트 제1001호
442,2021-4353(1),서울특별시,동작구,사당동,147-29,,18,,,서울특별시 동작구 사당동 147-29외 1필지 이수자이 제18층 제101-1803호
444,2022-105918(1),서울특별시,강남구,도곡동,467,,39,3904,,서울특별시 강남구 도곡동 467 타워팰리스 제비동 제39층 제3904호
445,2021-51736(1),서울특별시,서대문구,,3,,10,1003,,서울특별시 서대문구 충정로3가 465 충정리시온 제10층 제1003호
447,2021-418(1),서울특별시,강서구,화곡동,381-11,,5,502,동서아파트,서울특별시 강서구 화곡동 381-11 동서아파트 제5층 제502호
448,2022-983(1),서울특별시,동작구,상도동,380-1,,3,301,성우아파트,서울특별시 동작구 상도동 380-1외 1필지 성우아파트 제3층 제301호
454,2021-52607(1),서울특별시,강동구,강일동,674,302동,11,1104,,서울특별시 강동구 강일동 674 강일리버파크 제302동 제11층 제1104호
457,2022-103967(1),서울특별시,동작구,상도동,900,104동,8,802,,서울특별시 동작구 상도동 900 상도파크자이 제104동 제8층 제802호
458,2021-103168(1),서울특별시,중구,회현동,1,,32,,,서울특별시 중구 회현동1가 208외 1필지 남산롯데캐슬아이리스 제32층 제102-3203호
459,2019-9788(2),서울특별시,강서구,가양동,1500,105동,5,501,,서울특별시 강서구 가양동 1500 강서한강자이 제105동 제5층 제501호
461,2021-105591(1),서울특별시,강남구,삼성동,87,,18,1803,,서울특별시 강남구 삼성동 87 아이파크삼성동 제사우스윙동 제18층 제1803호
462,2021-108729(1),서울특별시,강남구,청담동,62-6,,8,801,청담디에브스아파트,서울특별시 강남구 청담동 62-6외 2필지 청담디에브스아파트 제8층 제801호
464,2021-105577(1),서울특별시,강남구,일원동,716,108동,2,203,,서울특별시 강남구 일원동 716 목련타운 제108동 제2층 제203호
465,2020-57126(1),서울특별시,용산구,한남동,1-35,,5,,,서울특별시 용산구 한남동 1-35 유엔맨숀 제5층 제에이호
467,2021-2869(1),서울특별시,강남구,도곡동,467-6,,15,1502,,서울특별시 강남구 도곡동 467-6 대림아크로빌 제에이동 제15층 제1502호
468,2021-112335(1),서울특별시,금천구,독산동,962-32,,7,704,,서울특별시 금천구 독산동 962-32 명도힐스티지 제7층 제704호
469,2021-3991(1),서울특별시,도봉구,101동,8,101동,8,,창동신도브래뉴1차아파트,"서울특별시 도봉구 도봉로136나길 40, 101동 8층803호 (창동,창동신도브래뉴1차아파트)"
472,2021-105744(1),서울특별시,동작구,상도동,903,106동,14,1402,,서울특별시 동작구 상도동 903 이편한세상상도노빌리티 제106동 제14층 제1402호
477,2021-101575(1),서울특별시,동작구,노량진동,325,702동,1,110,,서울특별시 동작구 노량진동 325 신동아리버파크 제702동 제1층 제110호
478,2020-111179(1),서울특별시,강남구,대치동,511,111동,3,303,,서울특별시 강남구 대치동 511 한보미도맨션 제111동 제3층 제303호
479,2021-104673(1),서울특별시,강남구,청담동,50-5,104동,12,1204,,서울특별시 강남구 청담동 50-5외 2필지 청담대우유로카운티 제104동 제12층 제1204호
483,2021-114799(1),서울특별시,강서구,화곡동,1137,,4,403,통칭:곰달래아파트,서울특별시 강서구 화곡동 1137 주상복합아파트(통칭:곰달래아파트) 제4층 제403호
490,2020-3396(1),서울특별시,마포구,망원동,499,201동,6,609,,서울특별시 마포구 망원동 499 한강2차대주파크빌 제201동 제6층 제609호
491,2022-490(1),서울특별시,마포구,망원동,500,101동,2,203,,서울특별시 마포구 망원동 500 한강1차대주파크빌 제101동 제2층 제203호
495,2021-511(1),서울특별시,관악구,신림동,1735,205동,2,203,,서울특별시 관악구 신림동 1735 관악산휴먼시아 제205동 제2층 제203호
497,2021-2291(1),서울특별시,마포구,신공덕동,168,102동,9,901,,서울특별시 마포구 신공덕동 168 신공덕이편한세상 제102동 제9층 제901호
498,2020-4462(1),서울특별시,관악구,봉천동,685-100,,4,401,보람아파트,서울특별시 관악구 봉천동 685-100 보람아파트 제4층 제401호
500,2021-55776(1),서울특별시,은평구,대조동,6-19,,4,401,미래하임아파트,서울특별시 은평구 대조동 6-19 미래하임아파트 제4층 제401호
501,2021-110889(1),서울특별시,영등포구,여의도동,61,,14,,,서울특별시 영등포구 여의도동 61 여의도금호리첸시아 제14층 제에이1403호
502,2021-101734(1),서울특별시,동대문구,휘경동,49-5,,8,811,서울가든아파트,서울특별시 동대문구 휘경동 49-5 서울가든아파트 제8층 제811호
503,2021-1385(1),서울특별시,서초구,반포동,111-1,,8,801,,서울특별시 서초구 반포동 111-1 장원빌라트 제8층 제801호
504,2021-103595(1),서울특별시,관악구,봉천동,941-2,,2,203,삼성아파트,서울특별시 관악구 봉천동 941-2외 1필지 삼성아파트 제2층 제203호
505,2021-55806(1),서울특별시,용산구,용산동,5,,4,,,서울특별시 용산구 용산동5가 24-1 파크타워 제4층 제105-403호
506,2021-708(1),서울특별시,영등포구,,29,,3,308,현대아파트,"서울특별시 영등포구 국회대로29길 5, 제3층 제308호(현대아파트)"
507,2021-104617(1),서울특별시,금천구,독산동,,,1,101,청호센트레빌,"서울특별시 금천구 문성로 14-1, 제1층 제101호 (독산동, 청호센트레빌)"
508,2021-109766(1),서울특별시,구로구,개봉동,480,209동,7,701,,서울특별시 구로구 개봉동 480 현대홈타운2단지 제209동 제7층 제701호
510,2021-111738(4),서울특별시,강서구,화곡동,,,4,407,성재센트리움아파트,"서울특별시 강서구 곰달래로23길 20, 제4층 제407호 (화곡동, 성재센트리움아파트)"
511,2019-8796(1),서울특별시,관악구,신림동,1734,102동,10,1006,,서울특별시 관악구 신림동 1734 신림동부센트레빌 제102동 제10층 제1006호
512,2021-931(1),서울특별시,서초구,방배동,849-30,103동,10,1004,,서울특별시 서초구 방배동 849-30 방배롯데캐슬로제 제103동 제10층 제1004호
513,2021-5772(1),서울특별시,영등포구,여의도동,42,,3,307,한양아파트,서울특별시 영등포구 여의도동 42 한양아파트 제에이치동 제3층 제307호
514,2021-103822(1),서울특별시,도봉구,쌍문동,,,4,,청화아파트,"서울특별시 도봉구 우이천로38길 22, 4층404호 (쌍문동,청화아파트)"
515,2021-1953(2),서울특별시,마포구,공덕동,11-174,,2,203,현대아파트,서울특별시 마포구 공덕동 11-174외 11필지 현대아파트 제2층 제203호
516,2021-3058(1),서울특별시,서대문구,남가좌동,377,109동,2,204,,서울특별시 서대문구 남가좌동 377 디엠씨래미안클라시스 제109동 제2층 제204호
517,2021-113215(1),서울특별시,구로구,고척동,334,203동,18,1802,,서울특별시 구로구 고척동 334외 1필지 벽산블루밍 제203동 제18층 제1802호
518,2018-107678(2),서울특별시,강서구,화곡동,938-26,,6,602,,서울특별시 강서구 화곡동 938-26 한경빌 제6층 제602호
522,2021-100183(1),서울특별시,관악구,신림동,406-69,,4,401,,서울특별시 관악구 신림동 406-69외 1필지 지에스파크뷰 제4층 제401호
523,2021-105835(1),서울특별시,중랑구,면목동,1524,1동,2,201,,서울특별시 중랑구 면목동 1524 온세솔내음 제1동 제2층 제201호
526,2021-111837(1),서울특별시,강서구,화곡동,1141,,2,205,삼익아파트,서울특별시 강서구 화곡동 1141 삼익아파트 제2층 제205호
527,2021-104337(1),서울특별시,성북구,하월곡동,229,,6,607,,서울특별시 성북구 하월곡동 229 길음서희스타힐스 제6층 제607호
528,2021-2710(1),서울특별시,마포구,서교동,487,,12,1314,,서울특별시 마포구 서교동 487 서교동대우미래사랑 제12층 제1314호
531,2021-110551(1),서울특별시,영등포구,영등포동,1,,6,611,네이처해밀아파트,서울특별시 영등포구 영등포동1가 145 네이처해밀아파트 제6층 제611호
535,2021-1100(1),서울특별시,강북구,수유동,63,,19,1901,삼호아파트,"서울특별시 강북구 수유동 63외 1필지 삼호아파트,수유프라자 제19층 제1901호"
536,2021-102201(1),서울특별시,성북구,정릉동,239,120동,6,604,,서울특별시 성북구 정릉동 239외 2필지 정릉풍림아이원 제120동 제6층 제604호
538,2021-100060(1),서울특별시,서초구,반포동,20-43,112동,22,2201,,서울특별시 서초구 반포동 20-43 반포자이 제112동 제22층 제2201호
542,2021-101628(1),서울특별시,도봉구,쌍문동,478-25,,2,203,서광아파트,서울특별시 도봉구 쌍문동 478-25 서광아파트 제2층 제203호
543,2021-103938(1),서울특별시,도봉구,쌍문동,88-58,,5,501,,서울특별시 도봉구 쌍문동 88-58 대성레스빌 제5층 제501호
545,2021-51826(1),서울특별시,강동구,천호동,568,102동,6,602,,서울특별시 강동구 천호동 568외 1필지 강변그대가리버뷰 제102동 제6층 제602호
546,2021-109667(1),서울특별시,강서구,내발산동,686-1,,1,102,보람아파트,서울특별시 강서구 내발산동 686-1외 1필지 보람아파트 제1층 제102호
547,2021-100961(1),서울특별시,관악구,봉천동,917-1,,2,202,장미아파트,서울특별시 관악구 봉천동 917-1 장미아파트 제2층 제202호
548,2020-6291(1),서울특별시,관악구,남현동,1059-1,,9,905,,서울특별시 관악구 남현동 1059-1 르.메이에르강남타운1차 제9층 제905호
549,2021-103815(1),서울특별시,중랑구,신내동,317,103동,14,1406,,서울특별시 중랑구 신내동 317 데시앙 제103동 제14층 제1406호
552,2021-4151(1),서울특별시,영등포구,여의도동,11-1,,13,,순복음아파트,서울특별시 영등포구 여의도동 11-1 순복음아파트 제13층 제2호
555,2020-52952(1),서울특별시,송파구,잠실동,22,215동,17,1704,,서울특별시 송파구 잠실동 22 리센츠 제215동 제17층 제1704호
556,2021-53822(1),서울특별시,성동구,송정동,104,104동,3,303,,서울특별시 성동구 송정동 104 서울숲 아이파크 제104동 제3층 제303호
557,2021-54450(1),서울특별시,송파구,근린생활시설1에이동,1,,,,헬리오시티,"서울특별시 송파구 송파대로 345 근린생활시설1에이동 지1층비091호 (가락동,헬리오시티)"
558,2021-54993(1),서울특별시,송파구,풍납동,214-6,,8,803,갑을아파트,서울특별시 송파구 풍납동 214-6 갑을아파트 제8층 제803호
561,2021-2223(1),서울특별시,영등포구,영등포동,1,,8,811,네이처해밀아파트,서울특별시 영등포구 영등포동1가 145 네이처해밀아파트 제8층 제811호
564,2019-51045(1),서울특별시,송파구,오금동,30-2,201동,15,1502,,서울특별시 송파구 오금동 30-2 오금동쌍용스윗닷홈 제201동 제15층 제1502호
566,2021-100787(1),서울특별시,동작구,703동,6,703동,6,,신동아리버파크,"서울특별시 동작구 만양로 19, 703동 6층602호 (노량진동,신동아리버파크)"
568,2021-51392(1),서울특별시,용산구,이촌동,302-62,,9,903,,서울특별시 용산구 이촌동 302-62 코스모스 맨션 제9층 제903호
570,2020-108738(1),서울특별시,도봉구,방학동,266-3,,6,602,성원아파트,서울특별시 도봉구 방학동 266-3 성원아파트 제6층 제602호
573,2021-1272(1),서울특별시,강동구,고덕동,688,306동,3,304,,서울특별시 강동구 고덕동 688외 2필지 래미안힐스테이트고덕 제306동 제3층 제304호
575,2020-6376(1),서울특별시,서초구,방배동,424-28,104동,13,1303,,서울특별시 서초구 방배동 424-28 방배롯데캐슬아르떼 제104동 제13층 제1303호
576,2021-100909(1),서울특별시,종로구,평창동,102,,4,402,,서울특별시 종로구 평창동 102 르트랑시망 제4층 제402호
577,2021-103013(1),서울특별시,성북구,제815동,6,815동,6,603,길음뉴타운,"서울특별시 성북구 길음로 33, 제815동 제6층 제603호 (길음동,길음뉴타운)"
578,2021-2611(3),서울특별시,은평구,대조동,6-25,,10,1002,영화아파트,서울특별시 은평구 대조동 6-25 영화아파트 제10층 제1002호
579,2020-8125(1),서울특별시,양천구,신월동,1058,203동,9,901,,서울특별시 양천구 신월동 1058 신월동코아루2단지 제203동 제9층 제901호
580,2021-51699(1),서울특별시,마포구,신공덕동,167,,23,2302,,서울특별시 마포구 신공덕동 167외 2필지 메트로디오빌 제23층 제2302호
581,2021-52500(1),서울특별시,용산구,이촌동,300-10,,13,1302,점보아파트,서울특별시 용산구 이촌동 300-10 점보아파트 제13층 제1302호
582,2021-52975(1),서울특별시,은평구,구산동,159-10,103동,5,501,,서울특별시 은평구 구산동 159-10 브라운스톤 구산 제103동 제5층 제501호
583,2020-110325(1),서울특별시,강서구,화곡동,1145,305동,10,1002,,서울특별시 강서구 화곡동 1145 우장산롯데캐슬 제305동 제10층 제1002호
589,2021-105279(1),서울특별시,중랑구,상봉동,499,1501동,3,302,,서울특별시 중랑구 상봉동 499 건영캐스빌 제1501동 제3층 제302호
590,2020-105228(1),서울특별시,서초구,서초동,1494-4,,10,1006,,서울특별시 서초구 서초동 1494-4외 1필지 더미켈란 제10층 제1006호
591,2020-108012(1),서울특별시,강남구,신사동,634-14,,4,402,,서울특별시 강남구 신사동 634-14 신사동닛시빌라트 제4층 제402호
592,2020-110411(1),서울특별시,강남구,역삼동,763-16,201동,3,304,,서울특별시 강남구 역삼동 763-16 래미안그레이튼 제201동 제3층 제304호
595,2021-606(1),서울특별시,강동구,길동,45,,11,1102,,서울특별시 강동구 길동 45 우림루미아트 제11층 제1102호
596,2021-101748(1),서울특별시,금천구,독산동,993-36,,2,202,리치힐아파트,서울특별시 금천구 독산동 993-36 리치힐아파트 제2층 제202호
598,2021-104167(1),서울특별시,영등포구,영등포동,1,,11,1103,,서울특별시 영등포구 영등포동1가 75-4 메트로가든 제11층 제1103호
599,2020-4370(1),서울특별시,강남구,청담동,128,,11,1101,,서울특별시 강남구 청담동 128 상지카일룸 제11층 제1101호
600,2020-108906(1),서울특별시,동작구,신대방동,395-66,,27,2701,,서울특별시 동작구 신대방동 395-66 보라매삼성쉐르빌 제27층 제2701호
602,2021-107559(1),서울특별시,서초구,반포동,1046,19동,3,308,,서울특별시 서초구 반포동 1046외 3필지 에이아이디차관주택 제19동 제3층 제308호
603,2021-1656(1),서울특별시,마포구,공덕동,11-174,,1,102,현대아파트,서울특별시 마포구 공덕동 11-174외 11필지 현대아파트 제1층 제102호
604,2021-1847(1),서울특별시,용산구,102동,3,102동,3,,우성아파트,"서울특별시 용산구 이촌로 193, 102동 3층306호 (이촌동,우성아파트)"
605,2021-1953(4),서울특별시,마포구,공덕동,11-174,,6,602,현대아파트,서울특별시 마포구 공덕동 11-174외 11필지 현대아파트 제6층 제602호
606,2021-1953(5),서울특별시,마포구,공덕동,11-174,,6,603,현대아파트,서울특별시 마포구 공덕동 11-174외 11필지 현대아파트 제6층 제603호
608,2021-101741(1),서울특별시,성북구,종암동,132,,8,,,서울특별시 성북구 종암동 132 종암우림카이져팰리스 제8층 제101-803호
612,2019-1868(1),서울특별시,용산구,이촌동,301-162,,3,301,건축물대장상:현대맨숀,서울특별시 용산구 이촌동 301-162 현대아파트(건축물대장상:현대맨숀) 제나동 제3층 제301호
613,2021-52425(1),서울특별시,서대문구,홍은동,394-1,,5,502,,서울특별시 서대문구 홍은동 394-1 신원지벤스타 제5층 제502호
615,2021-103174(1),서울특별시,성북구,정릉동,1028,102동,7,701,,서울특별시 성북구 정릉동 1028 정릉이편한세상 제102동 제7층 제701호
616,2021-52500(2),서울특별시,용산구,이촌동,302-28,,8,801,,서울특별시 용산구 이촌동 302-28 타워맨션 제8층 제801호
617,2020-5182(1),서울특별시,서초구,서초동,1496-24,,5,502,,"서울특별시 서초구 서초동 1496-24 트라움하우스3 제4,5층 제502호"
618,2020-6628(1),서울특별시,서초구,잠원동,161,101동,20,2003,,서울특별시 서초구 잠원동 161 래미안신반포리오센트 제101동 제20층 제2003호
619,2021-52692(1),서울특별시,은평구,신사동,200-16,,3,302,명남아파트,서울특별시 은평구 신사동 200-16외 1필지 명남아파트 제3층 제302호
621,2019-1729(1),서울특별시,송파구,가락동,1-10,,4,402,,서울특별시 송파구 가락동 1-10외 2필지 가락동현대빌라트 제4층 제402호
622,2016-104804(14),서울특별시,금천구,독산동,,,7,703,푸른터,"서울특별시 금천구 남부순환로120길 23, 제7층 제703호 (독산동,푸른터)"
623,2016-104804(15),서울특별시,금천구,독산동,,,5,501,푸른터,"서울특별시 금천구 남부순환로120길 23, 제5층 제501호 (독산동,푸른터)"
624,2016-104804(16),서울특별시,금천구,독산동,,,5,502,푸른터,"서울특별시 금천구 남부순환로120길 23, 제5층 제502호 (독산동,푸른터)"
627,2019-2934(1),서울특별시,서초구,방배동,482-4,,1,102,,서울특별시 서초구 방배동 482-4 청광아트빌14차 제1층 제102호
628,2019-2934(2),서울특별시,서초구,방배동,482-4,,2,202,,서울특별시 서초구 방배동 482-4 청광아트빌14차 제2층 제202호
629,2020-108890(1),서울특별시,서초구,서초동,1445-4,,12,1206,,서울특별시 서초구 서초동 1445-4 래미안서초유니빌 제12층 제1206호
632,2021-790(1),서울특별시,마포구,용강동,508,102동,9,902,,서울특별시 마포구 용강동 508 이편한세상마포리버파크 제102동 제9층 제902호
633,2021-1038(1),서울특별시,서대문구,홍은동,393-1,,3,302,,서울특별시 서대문구 홍은동 393-1 신원지벤스타 제3층 제302호
635,2021-916(1),서울특별시,노원구,1101동,3,1101동,3,,상계주공아파트,"서울특별시 노원구 동일로227길 25, 1101동 3층310호 (상계동,상계주공아파트)"
636,2021-105931(1),서울특별시,영등포구,영등포동,1,,11,1106,,서울특별시 영등포구 영등포동1가 75-4 메트로가든 제11층 제1106호
638,2021-224(1),서울특별시,광진구,광장동,148-4,101동,3,312,,서울특별시 광진구 광장동 148-4외 1필지 워커힐푸르지오 제101동 제3층 제312호
639,2020-101929(1),서울특별시,서초구,서초동,1491-14,,4,402,,서울특별시 서초구 서초동 1491-14 상지리츠빌서초5차 제4층 제402호
640,2020-6475(1),서울특별시,동작구,상도동,527,108동,13,1302,,서울특별시 동작구 상도동 527 브라운스톤 상도 제108동 제13층 제1302호
641,2020-56918(1),서울특별시,마포구,공덕동,467,,15,,,서울특별시 마포구 공덕동 467 롯데캐슬프레지던트 제15층 제에이-1502호
642,2021-104846(1),서울특별시,금천구,독산동,1147,109동,21,2104,,서울특별시 금천구 독산동 1147 금천롯데캐슬골드파크1차 제109동 제21층 제2104호
644,2020-106351(1),서울특별시,강남구,도곡동,467,,58,5806,,서울특별시 강남구 도곡동 467 타워팰리스 제비동 제58층 제5806호
645,2021-103614(1),서울특별시,강서구,화곡동,918-14,,7,702,도양라비앙아파트,서울특별시 강서구 화곡동 918-14 도양라비앙아파트 제7층 제702호
649,2021-51170(1),서울특별시,은평구,역촌동,36-14,,7,701,예청아파트,서울특별시 은평구 역촌동 36-14외 1필지 예청아파트 제7층 제701호
651,2021-101144(1),서울특별시,양천구,목동,961,203동,5,502,,서울특별시 양천구 목동 961외 1필지 목동현대 하이페리온2 제203동 제5층 제502호
652,2021-52058(1),서울특별시,성동구,금호동,2,102동,14,1404,,서울특별시 성동구 금호동2가 1 신금호파크자이 제102동 제14층 제1404호
653,2021-50764(1),서울특별시,서대문구,남가좌동,345-4,,2,208,가재울백련아파트,서울특별시 서대문구 남가좌동 345-4 가재울백련아파트 제2층 제208호
654,2021-52166(1),서울특별시,마포구,공덕동,30-10,,17,1703,,서울특별시 마포구 공덕동 30-10외 2필지 솔리스타 제17층 제1703호
655,2021-2544(1),서울특별시,금천구,가산동,141-2,,13,1312,,서울특별시 금천구 가산동 141-2외 6필지 가산양우내안애애플 제13층 제1312호
656,2020-110329(1),서울특별시,관악구,109동,12,109동,12,,현대아파트,"서울특별시 관악구 관악로 304, 109동 12층1201호 (봉천동,현대아파트)"
657,2020-55205(1),서울특별시,마포구,상암동,1743,1206동,14,1403,,서울특별시 마포구 상암동 1743 상암월드컵파크12단지 제1206동 제14층 제1403호
659,2020-101356(1),서울특별시,서초구,반포동,88-4,,2,202,,서울특별시 서초구 반포동 88-4 서래아르드빌 제2층 제202호
660,2021-296(1),서울특별시,구로구,구로동,748-24,,4,402,,서울특별시 구로구 구로동 748-24외 4필지 은진빌라 제4층 제402호
663,2020-3254(1),서울특별시,동작구,상도동,418,101동,9,906,,서울특별시 동작구 상도동 418 쌍용스윗닷홈 제101동 제9층 제906호
664,2020-111601(1),서울특별시,구로구,구로동,791-19,,4,402,,서울특별시 구로구 구로동 791-19외 2필지 한신빌라 제4층 제402호
665,2020-113553(1),서울특별시,강서구,화곡동,474-1,,2,208,미주아파트,서울특별시 강서구 화곡동 474-1 미주아파트 제2층 제208호
668,2020-106030(1),서울특별시,관악구,봉천동,1721,103동,3,302,,서울특별시 관악구 봉천동 1721외 1필지 브라운스톤관악 제103동 제3층 제302호
669,2021-51149(1),서울특별시,은평구,응암동,761,304동,4,401,,서울특별시 은평구 응암동 761 백련산힐스테이트3차 제304동 제4층 제401호
672,2021-100769(1),서울특별시,양천구,제403동,15,403동,15,1501,목동센트럴아이파크위브4단지,"서울특별시 양천구 남부순환로83길 47, 제403동 제15층 제1501호 (신월동, 목동센트럴아이파크위브4단지)"
674,2021-149(1),서울특별시,성동구,행당동,380,102동,6,601,,서울특별시 성동구 행당동 380 서울숲리버뷰자이 제102동 제6층 제601호
676,2021-50304(1),서울특별시,성동구,성수동,1,,32,,,서울특별시 성동구 성수동1가 685-696 갤러리아포레 제32층 제102-3201호
681,2020-4078(1),서울특별시,마포구,신공덕동,172,104동,5,501,,서울특별시 마포구 신공덕동 172 펜트라우스 제104동 제5층 제501호
682,2020-54691(1),서울특별시,마포구,아현동,732,101동,5,503,,서울특별시 마포구 아현동 732 삼환나띠르빌 제101동 제5층 제503호
683,2021-941(1),서울특별시,성동구,하왕십리동,1058,103동,5,502,,서울특별시 성동구 하왕십리동 1058 극동미라주 제103동 제5층 제502호
687,2018-5373(1),서울특별시,송파구,오금동,9-7,,2,201,건축물대장상의 현황도면:202호,서울특별시 송파구 오금동 9-7외 1필지 노블하우스 제2층 제201호(건축물대장상의 현황도면:202호)
688,2020-55494(1),서울특별시,강동구,암사동,488-10,,5,504,다성이즈빌아파트,서울특별시 강동구 암사동 488-10 다성이즈빌아파트 제5층 제504호
689,2020-9272(1),서울특별시,강서구,등촌동,715,101동,6,603,,서울특별시 강서구 등촌동 715 등촌동아이파크 제101동 제6층 제603호
690,2020-5403(1),서울특별시,강남구,논현동,104-23,,1,102,,서울특별시 강남구 논현동 104-23 케이씨빌 제1층 제102호
691,2021-50830(1),서울특별시,송파구,마천동,31-2,,6,601,솔렌시아아파트,서울특별시 송파구 마천동 31-2외 1필지 솔렌시아아파트 제6층 제601호
692,2021-100172(1),서울특별시,양천구,목동,908-34,,17,1707,,서울특별시 양천구 목동 908-34 부영그린타운3차 제17층 제1707호
693,2020-111314(1),서울특별시,노원구,상계동,407-7,,2,202,,서울특별시 노원구 상계동 407-7 충효파크타운 제2층 제202호
694,2020-55715(1),서울특별시,성동구,홍익동,53,101동,10,1005,,서울특별시 성동구 홍익동 53 청계대주파크빌 제101동 제10층 제1005호
700,2020-112611(1),서울특별시,강서구,화곡동,918-6,,3,301,크로스캐슬아파트,서울특별시 강서구 화곡동 918-6외 2필지 크로스캐슬아파트 제3층 제301호
701,2021-111(1),서울특별시,구로구,구로동,792-102,,1,101,,서울특별시 구로구 구로동 792-102 제1층 제101호
702,2020-6979(1),서울특별시,도봉구,창동,825,513동,18,1802,,서울특별시 도봉구 창동 825 북한산아이파크 제513동 제18층 제1802호
704,2020-108005(1),서울특별시,서초구,반포동,2-12,111동,12,1202,,서울특별시 서초구 반포동 2-12외 1필지 아크로리버파크 제111동 제12층 제1202호
705,2020-50620(1),서울특별시,은평구,구산동,224,105동,2,202,,서울특별시 은평구 구산동 224 경남아너스빌 제105동 제2층 제202호
706,2020-55236(1),서울특별시,용산구,청파동,3,,3,301,베르체아파트,서울특별시 용산구 청파동3가 132-15 베르체아파트 제3층 제301호
707,2020-55340(1),서울특별시,성동구,성수동,1,103동,29,2902,,서울특별시 성동구 성수동1가 718 트리마제 제103동 제29층 제2902호
709,2020-5136(1),서울특별시,중랑구,신내동,817,221동,12,1202,,서울특별시 중랑구 신내동 817 신내 데시앙포레 제221동 제12층 제1202호
711,2019-104144(1),서울특별시,동작구,사당동,238-6,,3,302,레디앙스아파트,서울특별시 동작구 사당동 238-6 레디앙스아파트 제3층 제302호
712,2020-5129(1),서울특별시,중랑구,신내동,317,103동,14,1406,,서울특별시 중랑구 신내동 317 데시앙 제103동 제14층 제1406호
713,2020-106480(1),서울특별시,성북구,정릉동,800-95,,4,404,동일스카이아파트,서울특별시 성북구 정릉동 800-95 동일스카이아파트 제4층 제404호
718,2020-3783(1),서울특별시,광진구,구의동,199-18,101동,4,404,,서울특별시 광진구 구의동 199-18 구의동삼성쉐르빌 제101동 제4층 제404호
720,2020-8613(1),서울특별시,양천구,신정동,118-19,,6,601,,서울특별시 양천구 신정동 118-19 목동그린빌라트 제6층 제601호
722,2020-104454(1),서울특별시,종로구,평창동,66-1,,3,304,,서울특별시 종로구 평창동 66-1 엘리시아 제3층 제304호
723,2020-107378(1),서울특별시,강남구,자곡동,618,402동,6,602,,서울특별시 강남구 자곡동 618 엘에이치강남브리즈힐 제402동 제6층 제602호
724,2020-3400(1),서울특별시,강동구,331동,20,331동,20,,고덕아르테온,"서울특별시 강동구 고덕로 360, 331동 20층2003호 (상일동,고덕아르테온)"
725,2020-3615(1),서울특별시,강동구,성내동,435-7,,5,501,광남캐스빌아파트,서울특별시 강동구 성내동 435-7 광남캐스빌아파트 제5층 제501호
727,2020-4653(1),서울특별시,서초구,서초동,1593-7,,24,2412,,서울특별시 서초구 서초동 1593-7 서초이오빌 제24층 제2412호
728,2020-5960(1),서울특별시,서초구,방배동,424-28,104동,4,404,,서울특별시 서초구 방배동 424-28 방배롯데캐슬아르떼 제104동 제4층 제404호
732,2021-609(1),서울특별시,양천구,신월동,45-1,,3,303,뉴에스케이아파트,서울특별시 양천구 신월동 45-1 뉴에스케이아파트 제3층 제303호
733,2020-4240(1),서울특별시,종로구,내수동,72,,11,,제아파트,서울특별시 종로구 내수동 72 경희궁의아침3단지 제11층 제아파트1109호
734,2020-101424(1),서울특별시,중구,회현동,1,,10,,,서울특별시 중구 회현동1가 208외 1필지 남산롯데캐슬아이리스 제10층 제102-1002호
735,2020-107170(1),서울특별시,서초구,,16,,1,,시그마아파트,"서울특별시 서초구 언남16길 2, 1층102호(시그마아파트)"
736,2020-56499(1),서울특별시,마포구,신수동,456,201동,10,1002,,서울특별시 마포구 신수동 456 마포경남아너스빌 제201동 제10층 제1002호
740,2020-111977(1),서울특별시,영등포구,영등포동,7,107동,21,2101,,서울특별시 영등포구 영등포동7가 46-1 경남아너스빌 제107동 제21층 제2101호
741,2020-112284(1),서울특별시,구로구,구로동,780-72,,5,501,,서울특별시 구로구 구로동 780-72 삼익빌라 제5층 제501호
743,2020-113218(1),서울특별시,금천구,시흥동,1006,103동,13,1302,,서울특별시 금천구 시흥동 1006 벽산타운3단지 제103동 제13층 제1302호
744,2020-2232(1),서울특별시,서대문구,홍제동,247-19,,,,홍일아파트,서울특별시 서대문구 홍제동 247-19 홍일아파트 제지하층
745,2017-53322(3),서울특별시,마포구,서교동,485-17,,2,201,,서울특별시 마포구 서교동 485-17외 2필지 제2층 제201호
747,2020-1845(1),서울특별시,강남구,청담동,69-18,101동,12,1203,,서울특별시 강남구 청담동 69-18 청담동양파라곤 제101동 제12층 제1203호
748,2020-3426(1),서울특별시,마포구,망원동,412-19,,5,501,뉴서울아파트,서울특별시 마포구 망원동 412-19 뉴서울아파트 제5층 제501호
749,2020-3471(1),서울특별시,용산구,,88,,8,,점보아파트,"서울특별시 용산구 이촌로88길 3, 점보아파트 8층802호"
751,2020-107247(1),서울특별시,노원구,월계동,939,104동,4,405,,서울특별시 노원구 월계동 939 월계흥화브라운빌 제104동 제4층 제405호
752,2014-10360(1),서울특별시,강동구,성내동,598,103동,4,401,,서울특별시 강동구 성내동 598외 1필지 성내1차이편한세상 제103동 제4층 제401호
754,2019-110452(1),서울특별시,강북구,미아동,8-87,,7,701,,서울특별시 강북구 미아동 8-87외 3필지 스카이빌 제7층 제701호
756,2020-1777(1),서울특별시,중구,흥인동,13-1,,23,,,서울특별시 중구 흥인동 13-1 청계천 두산위브더제니스 제23층 제이스트2305호
757,2020-4585(1),서울특별시,관악구,봉천동,1727,101동,3,307,,서울특별시 관악구 봉천동 1727 관악 한일 유앤아이 제101동 제3층 제307호
761,2020-4564(1),서울특별시,송파구,신천동,17,117동,2,201,,서울특별시 송파구 신천동 17외 1필지 파크리오 제117동 제2층 제201호
763,2019-3240(1),서울특별시,동대문구,장안동,378-3,,4,402,공감대아파트,서울특별시 동대문구 장안동 378-3외 1필지 공감대아파트 제4층 제402호
765,2020-104880(1),서울특별시,성북구,정릉동,435,201동,8,801,,서울특별시 성북구 정릉동 435외 1필지 중앙하이츠빌2단지 제201동 제8층 제801호
766,2020-107216(1),서울특별시,노원구,월계동,448-3,,4,401,통칭:C동,서울특별시 노원구 월계동 448-3외 2필지 삼창아파트 제다동(통칭:C동) 제401호
767,2020-107629(1),서울특별시,동대문구,장안동,383-10,,4,405,,서울특별시 동대문구 장안동 383-10 태솔에버빌2차 제4층 제405호
769,2020-104492(1),서울특별시,서초구,방배동,881-26,201동,12,1204,,서울특별시 서초구 방배동 881-26 방배2차이-편한세상 제201동 제12층 제1204호
770,2020-3049(1),서울특별시,강남구,대치동,511,106동,6,607,,서울특별시 강남구 대치동 511 한보미도맨션 제106동 제6층 제607호
774,2020-54347(1),서울특별시,강동구,성내동,542,,2,202,,서울특별시 강동구 성내동 542 노블네스트 제2층 제202호
777,2019-56455(1),서울특별시,용산구,이촌동,435,,6,603,,서울특별시 용산구 이촌동 435 보람 더하임 제6층 제603호
780,2020-105951(1),서울특별시,노원구,상계동,1318,101동,6,604,,서울특별시 노원구 상계동 1318 노원아이파크 제101동 제6층 제604호
783,2020-108356(1),서울특별시,성북구,하월곡동,226,108동,8,804,,서울특별시 성북구 하월곡동 226 월곡래미안루나밸리 제108동 제8층 제804호
785,2020-103024(1),서울특별시,서초구,서초동,1427-7,,5,502,,"서울특별시 서초구 서초동 1427-7 한승미메이드 제가동 제5,6층 제502호"
787,2020-1838(1),서울특별시,관악구,봉천동,464-41,,2,201,,서울특별시 관악구 봉천동 464-41외 1필지 은선파인빌 제2층 제201호
788,2019-5963(1),서울특별시,동대문구,용두동,794,102동,8,804,,서울특별시 동대문구 용두동 794 용두롯데캐슬리치 제102동 제8층 제804호
789,2020-4690(1),서울특별시,성북구,안암동,1,112동,8,801,,서울특별시 성북구 안암동1가 361 래미안안암 제112동 제8층 제801호
790,2020-105456(1),서울특별시,성북구,하월곡동,228,108동,2,202,,서울특별시 성북구 하월곡동 228 꿈의숲 푸르지오 제108동 제2층 제202호
791,2020-106145(1),서울특별시,중랑구,108동,3,108동,3,,한양수자인사가정파크,"서울특별시 중랑구 사가정로72길 26, 108동 3층303호 (면목동,한양수자인사가정파크)"
796,2020-1642(1),서울특별시,용산구,동자동,45,,32,3201,,서울특별시 용산구 동자동 45외 1필지 센트레빌아스테리움서울 제비동 제32층 제3201호
798,2019-6504(1),서울특별시,서대문구,홍제동,283-36,101동,12,1201,,서울특별시 서대문구 홍제동 283-36외 2필지 마체스터 아파트 제101동 제12층 제1201호
799,2020-53900(1),서울특별시,강동구,122동,9,122동,9,,고덕그라시움,"서울특별시 강동구 고덕로 333, 122동 9층903호 (고덕동,고덕그라시움)"
801,2017-10702(1),서울특별시,강남구,청담동,59-16,,4,401,,서울특별시 강남구 청담동 59-16외 2필지 연세빌라 제4층 제401호
802,2020-104737(1),서울특별시,관악구,남현동,1066-13,,7,702,관악산센텀아파트,서울특별시 관악구 남현동 1066-13외 1필지 관악산센텀아파트 제7층 제702호
805,2020-108210(1),서울특별시,서초구,방배동,1008-2,104동,18,1803,,서울특별시 서초구 방배동 1008-2 래미안방배아트힐 제104동 제18층 제1803호
806,2020-2607(1),서울특별시,은평구,대조동,6-19,,3,301,미래하임아파트,서울특별시 은평구 대조동 6-19 미래하임아파트 제3층 제301호
807,2020-50552(1),서울특별시,용산구,이촌동,193-5,1동,,,강서아파트,서울특별시 용산구 이촌동 193-5 강서아파트 제1동호 내제지하층나동1호
811,2020-3288(1),서울특별시,성동구,성수동,2,,12,1203,,서울특별시 성동구 성수동2가 846 이-아름다운세상 제12층 제1203호
813,2020-54712(1),서울특별시,송파구,오금동,9-7,,6,602,,서울특별시 송파구 오금동 9-7외 1필지 노블하우스 제6층 제602호
816,2020-5310(1),서울특별시,강북구,미아동,1369,105동,12,1202,,서울특별시 강북구 미아동 1369 꿈의숲해링턴플레이스 제105동 제12층 제1202호
818,2020-6792(1),서울특별시,구로구,구로동,792-103,,1,101,,서울특별시 구로구 구로동 792-103 제1층 제101호
820,2020-52015(1),서울특별시,서대문구,대현동,101-7,,16,1605,,서울특별시 서대문구 대현동 101-7외 8필지 제16층 제1605호
821,2020-1015(1),서울특별시,광진구,자양동,813,101동,11,1102,,서울특별시 광진구 자양동 813 광진하우스토리한강 제101동 제11층 제1102호
822,2020-1756(1),서울특별시,송파구,장지동,849,308동,3,301,,서울특별시 송파구 장지동 849 송파파인타운3단지 제308동 제3층 제301호
823,2020-53214(1),서울특별시,강동구,암사동,501-4,,6,603,,서울특별시 강동구 암사동 501-4 암사동양덱스빌 제6층 제603호
826,2020-105419(1),서울특별시,강남구,도곡동,970,104동,5,503,,서울특별시 강남구 도곡동 970외 1필지 도곡3차아이파크 제104동 제5층 제503호
828,2020-4287(1),서울특별시,성북구,길음동,1282,508동,14,1402,,서울특별시 성북구 길음동 1282 길음뉴타운 제508동 제14층 제1402호
829,2020-100291(1),서울특별시,동대문구,장안동,365-4,,6,601,,서울특별시 동대문구 장안동 365-4외 2필지 서희스타힐스 제6층 제601호
831,2020-105449(1),서울특별시,성북구,동선동,1,,7,,,서울특별시 성북구 동선동1가 121-6 코아루센타시아 제7층 제101-704호
832,2020-2763(1),서울특별시,강남구,대치동,962-20,,1,102,대치주성아파트,서울특별시 강남구 대치동 962-20 대치주성아파트 제1층 제102호
837,2020-2780(2),서울특별시,송파구,문정동,645-2,,,,,서울특별시 송파구 문정동 645-2 에이치비지니스파크 제지4층 제씨-비403호
838,2019-107286(1),서울특별시,강서구,염창동,309,101동,12,1208,,서울특별시 강서구 염창동 309 이편한세상염창 제101동 제12층 제1208호
839,2019-107286(2),서울특별시,강서구,염창동,309,105동,16,1602,,서울특별시 강서구 염창동 309 이편한세상염창 제105동 제16층 제1602호
842,2020-101420(1),서울특별시,양천구,신월동,1055,101동,7,701,,서울특별시 양천구 신월동 1055 신정뉴타운두산위브 제101동 제7층 제701호
843,2019-110552(1),서울특별시,서초구,서초동,1671-5,,6,622,,서울특별시 서초구 서초동 1671-5 서초리시온 제6층 제622호
844,2020-2356(1),서울특별시,강서구,화곡동,894-1,,8,802,산내들아파트,서울특별시 강서구 화곡동 894-1외 1필지 산내들아파트 제8층 제802호
845,2017-53322(1),서울특별시,마포구,서교동,485-17,,1,102,서교카라아파트,서울특별시 마포구 서교동 485-17외 2필지 서교카라아파트 제1층 제102호
846,2017-53322(2),서울특별시,마포구,서교동,485-17,,1,103,,서울특별시 마포구 서교동 485-17외 2필지 제1층 제103호
852,2020-105965(1),서울특별시,영등포구,여의도동,21-2,,9,909,공작아파트,서울특별시 영등포구 여의도동 21-2 공작아파트 제에이동 제9층 제909호
853,2020-106498(1),서울특별시,동작구,상도동,533,208동,14,1401,,서울특별시 동작구 상도동 533 힐스테이트상도프레스티지 제208동 제14층 제1401호
854,2020-2799(1),서울특별시,서대문구,연희동,105-4,,2,203,은하아파트,서울특별시 서대문구 연희동 105-4 은하아파트 제2층 제203호
855,2020-54530(1),서울특별시,은평구,수색동,416-1,106동,11,1103,,서울특별시 은평구 수색동 416-1 수색진흥엣세벨 제106동 제11층 제1103호
858,2020-104088(1),서울특별시,성북구,정릉동,1028,108동,7,702,,서울특별시 성북구 정릉동 1028 정릉이편한세상 제108동 제7층 제702호
859,2020-106534(1),서울특별시,성북구,삼선동,3,,2,202,제일아파트,서울특별시 성북구 삼선동3가 23 제일아파트 제2층 제202호
862,2020-52749(1),서울특별시,서대문구,홍제동,131-2,,3,302,,서울특별시 서대문구 홍제동 131-2 제니스 제3층 제302호
863,2020-53049(1),서울특별시,은평구,대조동,4-8,,5,502,,서울특별시 은평구 대조동 4-8외 1필지 대조리치빌3 제5층 제502호
864,2020-53094(1),서울특별시,용산구,제104동,11,104동,11,1104,,서울특별시 용산구 한강로3가 91 한강로우림필유아파트 제104동 제11층 제1104호
867,2020-1602(1),서울특별시,강동구,암사동,672,,3,306,,서울특별시 강동구 암사동 672 효정하나플러스 제3층 제306호
873,2019-9829(1),서울특별시,중구,,5,,6,609,,서울특별시 중구 충무로5가 36-2 충무로엘크루메트로시티2 제6층 제609호
875,2020-103871(1),서울특별시,강남구,개포동,1280,201동,6,611,,서울특별시 강남구 개포동 1280 래미안블레스티지 제201동 제6층 제611호
876,2020-1852(1),서울특별시,관악구,봉천동,1703,103동,21,2101,성현동아아파트,서울특별시 관악구 봉천동 1703 성현동아아파트 제103동 제2101호
877,2019-3661(1),서울특별시,종로구,평창동,108,101동,8,801,,서울특별시 종로구 평창동 108외 1필지 평창동 롯데캐슬 로잔 제101동 제8층 제801호
879,2020-101680(1),서울특별시,강서구,화곡동,981-1,,12,1206,,서울특별시 강서구 화곡동 981-1외 2필지 서광프리메라 제12층 제1206호
884,2019-105826(1),서울특별시,중구,인현동,2,,10,1010,,서울특별시 중구 인현동2가 192-30 제10층 제1010호
885,2020-2790(1),서울특별시,양천구,신월동,48-13,,4,404,신라이프아파트,서울특별시 양천구 신월동 48-13 신라이프아파트 제4층 제404호
887,2020-108209(1),서울특별시,양천구,신월동,529-2,,4,402,세제뉴타운아파트,서울특별시 양천구 신월동 529-2 세제뉴타운아파트 제4층 제402호
889,2020-731(1),서울특별시,은평구,진관동,12,712동,1,101,,서울특별시 은평구 진관동 12 은평뉴타운 상림마을 제712동 제1층 제101호
893,2020-883(1),서울특별시,송파구,가락동,198-13,102동,7,701,,서울특별시 송파구 가락동 198-13 가락현대트웰브 제102동 제7층 제701호
896,2019-2029(1),서울특별시,광진구,광장동,135-1,,4,402,,서울특별시 광진구 광장동 135-1 현대리버빌 제에이동 제4층 제402호
897,2019-54181(1),서울특별시,송파구,신천동,7-19,,26,2604,,서울특별시 송파구 신천동 7-19 잠실시그마타워 제26층 제2604호
898,2020-753(1),서울특별시,성동구,성수동,1,,19,,,서울특별시 성동구 성수동1가 685-696 갤러리아포레 제19층 제101-1902호
901,2019-2361(1),서울특별시,강남구,청담동,130-7,,5,501,,서울특별시 강남구 청담동 130-7 마크힐스2단지 제5층 제501호
903,2019-9768(1),서울특별시,강남구,청담동,128-18,,13,1301,,서울특별시 강남구 청담동 128-18 상지리츠빌카일룸2 제13층 제1301호
904,2020-100636(1),서울특별시,동작구,상도동,531,104동,13,1305,,서울특별시 동작구 상도동 531 힐스테이트 상도 센트럴파크 제104동 제13층 제1305호
905,2019-4780(1),서울특별시,송파구,풍납동,219,3동,10,1005,,서울특별시 송파구 풍납동 219 미성맨션 제3동 제10층 제1005호
909,2020-52822(1),서울특별시,송파구,방이동,157,102동,2,201,,서울특별시 송파구 방이동 157 방이금호어울림 제102동 제2층 제201호
910,2019-109354(1),서울특별시,동작구,노량진동,325,702동,1,110,,서울특별시 동작구 노량진동 325 신동아리버파크 제702동 제1층 제110호
912,2020-103716(1),서울특별시,강서구,화곡동,343-35,,4,402,성재센트리움아파트,서울특별시 강서구 화곡동 343-35외 3필지 성재센트리움아파트 제4층 제402호
913,2019-5530(1),서울특별시,송파구,잠실동,22,263동,27,2701,,서울특별시 송파구 잠실동 22 리센츠 제263동 제27층 제2701호
917,2020-2472(1),서울특별시,성북구,하월곡동,46-73,,34,,,서울특별시 성북구 하월곡동 46-73 코업스타클래스 제34층 제101-3401호
918,2020-100659(1),서울특별시,동대문구,장안동,363-11,,2,201,정암아파트,서울특별시 동대문구 장안동 363-11외 1필지 정암아파트 제2층 제201호
919,2020-100410(1),서울특별시,금천구,가산동,141-2,,16,1613,,서울특별시 금천구 가산동 141-2외 6필지 가산양우내안애애플 제16층 제1613호
921,2020-103877(1),서울특별시,영등포구,영등포동,1,,10,1006,,서울특별시 영등포구 영등포동1가 75-4 메트로가든 제10층 제1006호
922,2020-104269(1),서울특별시,영등포구,신길동,4937,103동,15,1502,,서울특별시 영등포구 신길동 4937 신길뉴타운한화꿈에그린 제103동 제15층 제1502호
923,2019-5891(1),서울특별시,서대문구,홍은동,277-145,,,,교수아파트,서울특별시 서대문구 홍은동 277-145 교수아파트 에이동 제지하층 제비01호
924,2019-6061(1),서울특별시,은평구,진관동,84,227동,3,301,,서울특별시 은평구 진관동 84 은평뉴타운우물골 제227동 제3층 제301호
925,2019-6061(2),서울특별시,은평구,진관동,132,424동,13,1302,,서울특별시 은평구 진관동 132 은평뉴타운폭포동 제424동 제13층 제1302호
926,2019-56165(1),서울특별시,마포구,성산동,114-3,,8,801,성일아파트,서울특별시 마포구 성산동 114-3 성일아파트 제8층 제801호
927,2020-51050(1),서울특별시,은평구,진관동,84,226동,2,201,,서울특별시 은평구 진관동 84 은평뉴타운우물골 제226동 제2층 제201호
928,2019-55421(1),서울특별시,서대문구,홍은동,186-25,,1,102,서강아파트,서울특별시 서대문구 홍은동 186-25 서강아파트2차 제1층 제102호
931,2020-52693(1),서울특별시,강동구,성내동,468,,14,1401,,서울특별시 강동구 성내동 468 현대토파즈 제14층 제1401호
933,2020-101123(1),서울특별시,강서구,화곡동,925-5,,6,602,,서울특별시 강서구 화곡동 925-5외 1필지 풍원팰리스 제6층 제602호
934,2020-102805(1),서울특별시,강서구,내발산동,672-15,,1,103,원다벨라빌아파트,서울특별시 강서구 내발산동 672-15 원다벨라빌아파트 제1층 제103호
935,2019-8994(1),서울특별시,중구,회현동,1,,13,,,서울특별시 중구 회현동1가 208외 1필지 남산롯데캐슬아이리스 제13층 제102-1302호
936,2020-100759(1),서울특별시,서초구,서초동,1311-10,201동,4,404,,서울특별시 서초구 서초동 1311-10외 1필지 서초 푸르지오 써밋 제201동 제4층 제404호
937,2019-1233(1),서울특별시,서대문구,홍은동,281,,7,702,로하스아파트,서울특별시 서대문구 홍은동 281 로하스아파트 제7층 제702호
939,2020-1093(1),서울특별시,마포구,창전동,449,102동,14,1402,,서울특별시 마포구 창전동 449 마포웨스트리버태영데시앙 제102동 제14층 제1402호
940,2020-53351(1),서울특별시,강동구,길동,143-4,,4,403,서한베네치아아파트,서울특별시 강동구 길동 143-4 서한베네치아아파트 제4층 제403호
942,2020-2325(1),서울특별시,구로구,개봉동,492,101동,14,1401,,서울특별시 구로구 개봉동 492 개봉푸르지오 제101동 제14층 제1401호
945,2020-1124(1),서울특별시,강서구,화곡동,1145,303동,2,202,,서울특별시 강서구 화곡동 1145 우장산롯데캐슬 제303동 제2층 제202호
948,2019-51762(1),서울특별시,송파구,가락동,126-2,,8,801,프라임아파트,서울특별시 송파구 가락동 126-2 프라임아파트 제8층 제801호
949,2019-9942(1),서울특별시,서초구,방배동,460-1,,1,101,덕산럭스아파트,서울특별시 서초구 방배동 460-1외 2필지 덕산럭스아파트 제1층 제101호
950,2019-108852(1),서울특별시,강서구,화곡동,923-17,,6,602,효성아파트,서울특별시 강서구 화곡동 923-17 효성아파트 제6층 제602호
951,2019-5271(2),서울특별시,강동구,길동,414-4,,16,1608,,서울특별시 강동구 길동 414-4 강동와이시티 제16층 제1608호
952,2020-51294(1),서울특별시,송파구,가락동,79,,8,801,,서울특별시 송파구 가락동 79외 1필지 송파롯데캐슬파인힐 제8층 제801호
953,2019-9064(1),서울특별시,노원구,월계동,496-2,,4,402,송암아파트,서울특별시 노원구 월계동 496-2 송암아파트 제4층 제402호
955,2019-107280(1),서울특별시,관악구,신림동,1735,205동,7,702,,서울특별시 관악구 신림동 1735 관악산휴먼시아 제205동 제7층 제702호
956,2019-109538(1),서울특별시,동작구,노량진동,325,706동,20,2005,,서울특별시 동작구 노량진동 325 신동아리버파크 제706동 제20층 제2005호
957,2019-109107(1),서울특별시,양천구,신월동,134-17,,8,804,태형아파트,서울특별시 양천구 신월동 134-17 태형아파트 제8층 제804호
961,2019-56316(1),서울특별시,송파구,장지동,857,1301동,3,303,,서울특별시 송파구 장지동 857 송파파인타운13단지 제1301동 제3층 제303호
963,2020-636(1),서울특별시,중랑구,면목동,1512,,5,504,형진아파트,서울특별시 중랑구 면목동 1512 형진아파트 제5층 제504호
964,2020-101263(1),서울특별시,강북구,미아동,198-36,,10,1001,그린힐빌라트아파트,서울특별시 강북구 미아동 198-36 그린힐빌라트아파트 제10층 제1001호
965,2020-255(1),서울특별시,동작구,상도동,283-68,,1,102,파크뷰아파트,서울특별시 동작구 상도동 283-68외 1필지 파크뷰아파트 제1층 제102호
966,2019-4049(1),서울특별시,강동구,둔촌동,545,,15,1512,둔촌하이츠아파트,서울특별시 강동구 둔촌동 545 둔촌하이츠아파트 제15층 제1512호
968,2019-5417(1),서울특별시,광진구,광장동,145-8,13동,2,204,,서울특별시 광진구 광장동 145-8 제13동 제2층 제204호
971,2020-893(1),서울특별시,강서구,내발산동,749,504동,6,604,,서울특별시 강서구 내발산동 749 마곡수명산파크5단지 제504동 제6층 제604호
973,2020-51289(1),서울특별시,은평구,진관동,13,707동,5,504,,서울특별시 은평구 진관동 13 은평뉴타운 상림마을 제707동 제5층 제504호
975,2019-4213(1),서울특별시,서초구,서초동,1467-37,505동,1,101,,서울특별시 서초구 서초동 1467-37 서초3차대림이-편한세상 제505동 제1층 제101호
977,2020-1605(1),서울특별시,양천구,목동,905-22,,30,,,서울특별시 양천구 목동 905-22 목동트윈빌 제30층 제디-3004호
978,2019-7069(1),서울특별시,강남구,청담동,104-5,,3,303,,서울특별시 강남구 청담동 104-5외 1필지 삼호빌라 제씨동 제3층 제303호
981,2019-9591(1),서울특별시,관악구,신림동,1727,101동,20,2003,,서울특별시 관악구 신림동 1727 임광관악파크 제101동 제20층 제2003호
983,2019-8655(1),서울특별시,강서구,화곡동,1159,126동,10,1002,,서울특별시 강서구 화곡동 1159 우장산아이파크이편한세상 제126동 제10층 제1002호
984,2019-107020(1),서울특별시,강남구,도곡동,467-29,,22,2207,,서울특별시 강남구 도곡동 467-29 타워팰리스 제지동 제22층 제2207호
985,2019-107358(1),서울특별시,서초구,서초동,1754,203동,26,2604,,서울특별시 서초구 서초동 1754 래미안서초에스티지에스 제203동 제26층 제2604호
988,2018-53525(1),서울특별시,성동구,옥수동,561,102동,13,1302,,서울특별시 성동구 옥수동 561 래미안옥수리버젠 제102동 제13층 제1302호
989,2019-3725(1),서울특별시,강동구,둔촌동,518-1,,2,205,그랜드아파트,서울특별시 강동구 둔촌동 518-1 그랜드아파트 제2층 제205호
990,2019-53836(1),서울특별시,송파구,잠실동,40,,33,3307,,서울특별시 송파구 잠실동 40 갤러리아팰리스 제에이동 제33층 제3307호
992,2020-128(1),서울특별시,송파구,방이동,104-4,,9,902,아크로빌아파트,서울특별시 송파구 방이동 104-4 아크로빌아파트 제9층 제902호
993,2018-106043(1),서울특별시,도봉구,방학동,612-2,,3,301,태양아파트,서울특별시 도봉구 방학동 612-2 태양아파트 제3층 제301호
994,2019-9972(1),서울특별시,성북구,석관동,410,106동,17,1704,,서울특별시 성북구 석관동 410 래미안아트리치 제106동 제17층 제1704호
996,2020-101065(1),서울특별시,성북구,길음동,1279,106동,6,604,,서울특별시 성북구 길음동 1279외 2필지 래미안길음1차 제106동 제6층 제604호
998,2020-101294(1),서울특별시,성북구,하월곡동,218,,3,306,아남아파트,서울특별시 성북구 하월곡동 218 아남아파트 제3층 제306호
999,2020-1766(1),서울특별시,양천구,목동,950,101동,2,204,,서울특별시 양천구 목동 950 목동 이-편한세상 제101동 제2층 제204호
1001,2019-107600(1),서울특별시,관악구,신림동,739,,2,202,뉴서울아파트,서울특별시 관악구 신림동 739 뉴서울아파트 제나동 제2층 제202호
1002,2019-6177(1),서울특별시,서대문구,남가좌동,381,204동,4,404,,서울특별시 서대문구 남가좌동 381외 1필지 디엠씨센트레빌 제204동 제4층 제404호
1003,2019-56448(1),서울특별시,은평구,진관동,84,236동,2,201,,서울특별시 은평구 진관동 84 은평뉴타운우물골 제236동 제2층 제201호
1006,2019-3213(1),서울특별시,성동구,성수동,1,,13,,,서울특별시 성동구 성수동1가 685-696 갤러리아포레 제13층 제102-1303호
1008,2019-9583(1),서울특별시,동대문구,회기동,346-18,,11,1109,,서울특별시 동대문구 회기동 346-18외 1필지 회기역한일베라체캠퍼스 제11층 제1109호
1010,2020-1332(1),서울특별시,중랑구,상봉동,128-10,,10,1001,,서울특별시 중랑구 상봉동 128-10외 1필지 에스지타워 제10층 제1001호
1012,2020-100482(1),서울특별시,성북구,하월곡동,228,103동,5,501,,서울특별시 성북구 하월곡동 228 꿈의숲 푸르지오 제103동 제5층 제501호
1013,2019-5280(1),서울특별시,서대문구,연희동,51-151,,3,302,충우아파트,서울특별시 서대문구 연희동 51-151 충우아파트 제3층 제302호
1014,2020-410(1),서울특별시,용산구,이촌동,436,103동,21,2101,,서울특별시 용산구 이촌동 436 래미안첼리투스 제103동 제21층 제2101호
1016,2019-10149(1),서울특별시,동대문구,장안동,372-9,,9,901,청솔아파트,서울특별시 동대문구 장안동 372-9 청솔아파트 제에이동 제9층 제901호
1018,2020-124(1),서울특별시,강북구,수유동,63,,21,2103,삼호아파트,"서울특별시 강북구 수유동 63외 1필지 삼호아파트,수유프라자 제21층 제2103호"
1021,2019-50677(1),서울특별시,성동구,성수동,1,,8,,,서울특별시 성동구 성수동1가 685-696 갤러리아포레 제8층 제102-801호
1022,2019-4735(1),서울특별시,강동구,천호동,52-6,,1,102,천호2차이룸아파트,서울특별시 강동구 천호동 52-6 천호2차이룸아파트 제1층 제102호
1024,2019-56592(1),서울특별시,마포구,합정동,200-1,,6,601,펠리스아트빌아파트,서울특별시 마포구 합정동 200-1 펠리스아트빌아파트 제6층 제601호
1027,2019-106409(1),서울특별시,서초구,방배동,755-14,,6,607,,서울특별시 서초구 방배동 755-14 리첸시아 방배 제6층 제607호
1028,2019-106669(1),서울특별시,동작구,상도동,531,103동,11,1105,,서울특별시 동작구 상도동 531 힐스테이트 상도 센트럴파크 제103동 제11층 제1105호
1029,2019-8860(1),서울특별시,양천구,목동,907-12,,16,1601,,서울특별시 양천구 목동 907-12 부영그린타운1차 제16층 제1601호
1031,2019-55049(1),서울특별시,용산구,한남동,72-1,,11,,,서울특별시 용산구 한남동 72-1 한남동리첸시아 제11층 제씨-1102호
1032,2019-3760(6),서울특별시,관악구,신림동,1474-6,,9,902,,서울특별시 관악구 신림동 1474-6 삼성 아파트 제9층 제902호
1033,2019-101114(1),서울특별시,강남구,삼성동,108-1,,3,301,삼성동아셈아파트,서울특별시 강남구 삼성동 108-1외 1필지 삼성동아셈아파트 제3층 제301호
1036,2019-10290(1),서울특별시,강서구,염창동,306,101동,13,1305,,서울특별시 강서구 염창동 306 염창힐스테이트 제101동 제13층 제1305호
1038,2019-106474(1),서울특별시,강서구,화곡동,343-35,,3,307,성재센트리움아파트,서울특별시 강서구 화곡동 343-35외 3필지 성재센트리움아파트 제3층 제307호
1039,2019-108326(1),서울특별시,구로구,구로동,797-9,,2,201,,서울특별시 구로구 구로동 797-9 제2층 제201호
1040,2020-101215(1),서울특별시,영등포구,양평동,3,101동,4,408,,서울특별시 영등포구 양평동3가 55-1 경남아너스빌 제101동 제4층 제408호
1043,2018-104051(1),서울특별시,강서구,등촌동,715,108동,4,401,,서울특별시 강서구 등촌동 715 등촌동아이파크 제108동 제4층 제401호
1044,2019-7393(1),서울특별시,영등포구,당산동,5,411동,24,2401,,서울특별시 영등포구 당산동5가 42 당산삼성래미안 제411동 제24층 제2401호
1049,2019-5754(1),서울특별시,은평구,녹번동,279-1,102동,4,404,,서울특별시 은평구 녹번동 279-1 해주드림빌 제102동 제4층 제404호
1050,2019-52200(1),서울특별시,은평구,진관동,10,741동,6,601,,서울특별시 은평구 진관동 10 은평뉴타운 상림마을 제741동 제6층 제601호
